accession	organism	panel	expected_class	expected_superfamily	coords	record_scope	evidence_type	confidence	citation	why_safe
AF123535	Zea mays	refusal-supply	Class I / LTR	Copia (Ty1-copia)	join(66750..68627,77590..81762,83018..86042) [ji_334B07-3]	containing_record	phylogeny	medium	Tikhonov AP, SanMiguel PJ, Nakajima Y, Gorenstein NM, Bennetzen JL, Avramova Z (1999) Proc Natl Acad Sci USA 96(13):7409-7414 (deposit, nesting structure); Meyers BC, Tingey SV, Morgante M (2001) Genome Res 11(10):1660-1676, Table 1 (independent Ty1-copia classification of the Ji family)	Ji is grouped as a Ty1-copia-like family by RT-based phylogenetic clustering in SanMiguel et al. 1996/1998 and independently tabulated as copia in Meyers et al. 2001 Table 1 -- a classification made without reference to this specific deposit or to TEagle. In THIS deposit, the ji_334B07-3 mobile_element feature is annotated as three disjoint plus-strand segments (66750-68627 / 77590-81762 / 83018-86042) with a ~9-kb opie (Copia) element nested in the first gap on the complement strand and a ji solo LTR filling the second gap -- i.e. the coding span is fragmented and interleaved with an opposite-strand insertion in this exact record, independent of whether TEagle's IN/RT domain calls happen to fall across the break.
AF123535	Zea mays	refusal-supply	Class I / LTR	Copia (Ty1-copia)	complement(join(64409..65235,66407..66749,86043..90234,99573..99651)) [victim_334B07-1hdnm]	containing_record	phylogeny	medium	Tikhonov AP, SanMiguel PJ, Nakajima Y, Gorenstein NM, Bennetzen JL, Avramova Z (1999) Proc Natl Acad Sci USA 96(13):7409-7414 (deposit, nesting structure); Meyers BC, Tingey SV, Morgante M (2001) Genome Res 11(10):1660-1676, Table 1 (independent Ty1-copia classification of the Victim family)	Victim is independently classified as Ty1-copia in Meyers et al. 2001 Table 1, a phylogeny-based family assignment made without reference to this deposit or to TEagle. In this record the element is annotated as four minus-strand segments spanning ~35 kb (64409-65235 / 66407-66749 / 86043-90234 / 99573-99651), interleaved with a ji solo LTR and the nested ji/opie complex described above -- among the most fragmented arrangements in the record, so any reading of IN vs RT order from this deposit alone would require reconstructing across three separate opposite-orientation insertions.
AF123535	Zea mays	refusal-supply	Class I / LTR	Gypsy (Ty3-gypsy)	join(23707..24145,33140..37493) [milt_334B07-1]	containing_record	phylogeny	low	Tikhonov AP, SanMiguel PJ, Nakajima Y, Gorenstein NM, Bennetzen JL, Avramova Z (1999) Proc Natl Acad Sci USA 96(13):7409-7414 (deposit, nesting structure); Meyers BC, Tingey SV, Morgante M (2001) Genome Res 11(10):1660-1676, Table 1 (independent Ty3-gypsy classification of the Milt family)	Milt is independently tabulated as Ty3-gypsy in Meyers et al. 2001 Table 1, a classification derived from RT phylogeny, not from this deposit or from TEagle. Here milt_334B07-1 is annotated as two plus-strand segments (23707-24145 and 33140-37493) with a ~9-kb opie (Copia) element nested between them on the complement strand. Confidence is lower than the other two cases because the first segment is short (439 bp) and I could not confirm from the flatfile alone that the IN and RT coding sub-regions of milt actually straddle the break rather than both lying within the larger 33140-37493 segment -- this would need a protein-level domain map of milt to confirm, which the GenBank record does not provide.
AC005860	Drosophila melanogaster	divergence-gradient	Class I / LTR	Ty3/gypsy (Errantivirus, family 17.6)		containing_record	library membership	high	Bowen NJ & McDonald JF 2001 Genome Research 11:1527	Element '17.6-1' in Table 3 of Bowen & McDonald: LTR-LTR identity = 100% (identical), estimated age = 0 My. Family '17.6' is an established Drosophila Errantivirus/Ty3-gypsy library member (ICTV Metaviridae). Top-of-range (>=98%) anchor. Element coordinates within the 83-kb clone were not extracted from the accessible table.
AE003082	Drosophila melanogaster	divergence-gradient	Class I / LTR	Ty3/gypsy (Errantivirus, family 17.6)		containing_record	library membership	high	Bowen NJ & McDonald JF 2001 Genome Research 11:1527	Element '17.6-5': LTR-LTR identity = 99.419%, estimated age = 0.182 My (Table 3). Near-identical young insertion, family assignment via established Drosophila TE library (17.6/Errantivirus).
AC006303	Drosophila melanogaster	divergence-gradient	Class I / LTR	Ty3/gypsy (Errantivirus, family 297)		containing_record	library membership	high	Bowen NJ & McDonald JF 2001 Genome Research 11:1527	Element '297-1': LTR-LTR identity = 100%, age = 0 My (Table 3). Family 297 is an established Errantivirus/Ty3-gypsy library member.
AE003599	Drosophila melanogaster	divergence-gradient	Class I / LTR	Ty3/gypsy (Errantivirus, family 297)		containing_record	library membership	high	Bowen NJ & McDonald JF 2001 Genome Research 11:1527	Element '297-10': LTR-LTR identity = 99.193%, age = 0.252 My (Table 3).
AC005847	Drosophila melanogaster	divergence-gradient	Class I / LTR	Ty3/gypsy (Metavirus, family 412)		containing_record	library membership	high	Bowen NJ & McDonald JF 2001 Genome Research 11:1527	Element '412-1': LTR-LTR identity = 99.789%, age = 0.066 My (Table 3). Family 412 is an established Metavirus/Ty3-gypsy library member.
AC007146	Drosophila melanogaster	divergence-gradient	Class I / LTR	Ty1/copia (Pseudoviridae, family copia)		containing_record	library membership	high	Bowen NJ & McDonald JF 2001 Genome Research 11:1527	Element 'copia-1': LTR-LTR identity = 100%, age = 0 My (Table 3). 'copia' is the eponymous Ty1/copia (Pseudoviridae) library member.
AE003778	Drosophila melanogaster	divergence-gradient	Class I / LTR	Ty1/copia (Pseudoviridae, family copia)		containing_record	library membership	high	Bowen NJ & McDonald JF 2001 Genome Research 11:1527	Element 'copia-24': LTR-LTR identity = 98.536%, age = 0.458 My (Table 3).
AC002474	Drosophila melanogaster	divergence-gradient	Class I / LTR	Ty3/gypsy-clade (family blood)		containing_record	library membership	high	Bowen NJ & McDonald JF 2001 Genome Research 11:1527	Element 'blood-1': LTR-LTR identity = 100%, age = 0 My (Table 3). 'blood' is an established Drosophila LTR-TE library member; exact ICTV genus not independently confirmed here so superfamily call is lower-confidence than the class call.
AE003638	Drosophila melanogaster	divergence-gradient	Class I / LTR	Ty3/gypsy-clade (family blood)		containing_record	library membership	high	Bowen NJ & McDonald JF 2001 Genome Research 11:1527	Element 'blood-21': LTR-LTR identity = 99.24%, age = 0.238 My (Table 3).
AC005333	Drosophila melanogaster	divergence-gradient	Class I / LTR	Pao/BEL (Semotivirus, family roo)		containing_record	library membership	high	Bowen NJ & McDonald JF 2001 Genome Research 11:1527	Element 'roo-1': LTR-LTR identity = 100%, age = 0 My (Table 3). 'roo' is the type family of the Semotivirus/Pao-Bel lineage, distinct from gypsy/copia, well established in Drosophila TE libraries.
AE003419	Drosophila melanogaster	divergence-gradient	Class I / LTR	Pao/BEL (Semotivirus, family roo)		containing_record	library membership	high	Bowen NJ & McDonald JF 2001 Genome Research 11:1527	Element 'roo-40': LTR-LTR identity = 99.529%, age = 0.147 My (Table 3).
AF391808	Zea mays	divergence-gradient	Class I / LTR	Ty3/gypsy (Cinful-Zeon family, element Zeon1)		containing_record	library membership	high	Fu H, Zheng Z & Dooner HK 2002 PNAS 99:1082	Text states directly: 'the sequence similarity index of the LTRs for the seven transposons in the cluster are as follows: Zeon1, 100%...' Zeon1 copy at the top of the 94-kb nested retrotransposon cluster in the Bz-McC bz1-locus sequence (AF391808). Family originally characterized by Meyers, Tingey & Morgante (Cinful-Zeon, Ty3/gypsy). Youngest member of this locus's spread. Exact bp coordinates within AF391808 not resolved from the text (nesting order only, Fig. 1 of the source paper).
AF391808	Zea mays	divergence-gradient	Class I / LTR	Ty1/copia (family Fourf)		containing_record	library membership	high	Fu H, Zheng Z & Dooner HK 2002 PNAS 99:1082	Stated directly in text: 'Fourf, 98.2%' LTR-LTR identity, an intact element inserted into the RIRE1-like element in the same 94-kb nest (Fig. 1). Fourf family originally described by SanMiguel et al. 1996 Science as a Ty1/copia element near maize Adh1.
AF391808	Zea mays	divergence-gradient	Class I / LTR	Ty1/copia (RIRE1-related lineage)		containing_record	library membership	medium	Fu H, Zheng Z & Dooner HK 2002 PNAS 99:1082	Stated directly: 'RIRE1, 97.1%' LTR-LTR identity for the element interrupted by Fourf in the nest. RIRE1 was first characterized as a copia-like element in wild rice (Noma et al. 1997); its presence here reflects a conserved ancient Ty1/copia lineage cross-referenced by name in the maize literature -- family-level call carries slightly more uncertainty than the identity number itself.
AF391808	Zea mays	divergence-gradient	Class I / LTR	Ty1/copia (PREM family, element Prem1)		containing_record	library membership	medium	Fu H, Zheng Z & Dooner HK 2002 PNAS 99:1082	Stated directly: 'Prem1, 94.6%' LTR-LTR identity, an internally deleted Prem1 element noted near the stk1 gene in the same locus. PREM-1 was originally described by Turcich et al. 1996 as a pollen-transcribed maize retroelement; exact Ty1/copia vs Ty3/gypsy call for PREM-1 specifically (as opposed to its relative PREM-2) was not independently confirmed in the sources reviewed.
AF391808	Zea mays	divergence-gradient	Class I / LTR	Ty1/copia (PREM-2 family, element Prem2-b)		containing_record	library membership	high	Fu H, Zheng Z & Dooner HK 2002 PNAS 99:1082	Stated directly: 'Prem2b, 91.6%' LTR-LTR identity. This is the distal Prem2 copy in the nest, itself interrupted by a CACTA-family DNA transposon. PREM-2 was characterized as a copia-type retroelement by Turcich et al. 1996. Solidly in the 85-97% intermediate band.
AF391808	Zea mays	divergence-gradient	Class I / LTR	Ty1/copia (family Opie)		containing_record	library membership	high	Fu H, Zheng Z & Dooner HK 2002 PNAS 99:1082	Stated directly: 'Opie2, 91.2%' LTR-LTR identity for a 'full-size but probably nonfunctional' Opie2 element inserted into the base Prem2-a. Opie is a well-established maize Ty1/copia family (SanMiguel et al. 1996).
AF391808	Zea mays	divergence-gradient	Class I / LTR	Ty3/gypsy (family Huck)		containing_record	library membership	high	Fu H, Zheng Z & Dooner HK 2002 PNAS 99:1082	Stated directly: 'Huck2, 85.8%' LTR-LTR identity for an incomplete Huck2 element in the nest. Huck is a well-established maize Ty3/gypsy family (SanMiguel et al. 1996). Sits right at the top edge of the 72-84% floor band.
AF391808	Zea mays	divergence-gradient	Class I / LTR	Ty1/copia (PREM-2 family, element Prem2-a)		containing_record	library membership	medium	Fu H, Zheng Z & Dooner HK 2002 PNAS 99:1082	Stated directly: 'Prem2a, 63.8%' LTR-LTR identity -- the most diverged element in the cluster, described by the authors as 'a highly fragmented Prem2 element at its base' of the 81-kb nest. This is the single clearly-degraded (<72%) case recovered in this search; confidence is tempered because 'highly fragmented' may mean the aligned LTR remnants are partial rather than full-length termini.
AY037928	Homo sapiens (HERV-K113 provirus)	divergence-gradient	Class I / LTR (endogenous retrovirus)	HML-2 (LTR5Hs)	19p12b	element	phylogeny	high	Turner G, Barbulescu M, Su M, Jensen-Seaman MI, Kidd KK & Lenz J 2001 Current Biology 11:1531	Turner et al. sequenced both LTRs of this human-specific, insertionally polymorphic provirus and found 'no sequence differences between the 5' and 3' LTR' -- i.e., 100% LTR-LTR identity -- giving an estimated insertion time of 100,000-200,000 years. HML-2/LTR5Hs family membership is established by prior phylogenetic classification (Mayer/Coffin lineage work) independent of any TE-annotation tool. Youngest anchor of the >=98% bucket, cross-kingdom counterpart to the fly data.
AF164611	Homo sapiens (HERV-K103 provirus)	divergence-gradient	Class I / LTR (endogenous retrovirus)	HML-2	10p12.1	element	phylogeny	medium	Subramanian RP, Wildschutte JH, Russo C & Coffin JM 2011 Retrovirology 8:90	Subramanian et al. report an estimated age of 1.61-2.91 My for this human-specific, polymorphic HML-2 locus, calculated from LTR-LTR substitution frequency divided by their stated clock (0.24%/My upper bound, 0.45%/My lower bound). Back-solving that formula gives an implied LTR-LTR identity of roughly 99.3% (substitution ~0.7%) -- a value I derived from their stated rate and age range, not a percentage printed directly in the paper, hence medium rather than high confidence on the exact number (the accession and HML-2 family call are high confidence).
NC_000005.9	Homo sapiens (HERV-K104 provirus)	divergence-gradient	Class I / LTR (endogenous retrovirus)	HML-2	chr5:30,487,114-30,496,205 (GRCh37/hg19)	containing_record	phylogeny	medium	Subramanian RP, Wildschutte JH, Russo C & Coffin JM 2011 Retrovirology 8:90	Human-specific HML-2 locus, reported age 6.32-11.44 My. Applying the paper's stated substitution-rate formula gives an implied LTR-LTR identity of ~97.2% (derived, not printed directly). Falls at the top of the 85-97% intermediate band.
NC_000003.11	Homo sapiens (HERV-K11 provirus)	divergence-gradient	Class I / LTR (endogenous retrovirus)	HML-2	chr3:9,889,346-9,896,236 (GRCh37/hg19)	containing_record	phylogeny	medium	Subramanian RP, Wildschutte JH, Russo C & Coffin JM 2011 Retrovirology 8:90	Orangutan-shared HML-2 locus, reported age 12.13-21.96 My. Applying the paper's stated clock gives an implied LTR-LTR identity of ~94.6% (derived from stated age range and rate, not a printed percentage). Solid mid-intermediate example from a non-rodent, non-plant, non-insect lineage.
NC_000001.10	Homo sapiens (HERV-K12 provirus)	divergence-gradient	Class I / LTR (endogenous retrovirus)	HML-2	chr1:166,574,603-166,580,258 (GRCh37/hg19)	containing_record	phylogeny	medium	Subramanian RP, Wildschutte JH, Russo C & Coffin JM 2011 Retrovirology 8:90	Rhesus-macaque-shared HML-2 locus, reported age 14.17-25.65 My, the second-oldest dated locus in the catalogue. Implied LTR-LTR identity ~93.7% via the paper's stated clock (derived, not printed directly).
NC_000008.10	Homo sapiens (HERV-K70 provirus)	divergence-gradient	Class I / LTR (endogenous retrovirus)	HML-2	chr8:47,175,650-47,183,661 (GRCh37/hg19)	containing_record	phylogeny	medium	Subramanian RP, Wildschutte JH, Russo C & Coffin JM 2011 Retrovirology 8:90	Oldest dated locus in the Subramanian catalogue (23.46-42.48 My, oldest common ancestor unknown). Applying the paper's own substitution-rate formula gives an implied LTR-LTR identity of only ~89.6% even at this maximal age -- illustrating why the very slow primate ERV clock (0.24-0.45%/My) cannot by itself supply examples at or below the 72-84% floor; identity is derived, not printed directly, hence medium confidence.
J01050	Caenorhabditis elegans	negative-controls	not a TE - host protein-coding gene (myosin heavy chain, unc-54), single-copy genomic clone with 8 introns		909-8178 (join across 9 exons / 8 introns per the CDS join in the GenBank record; introns 48-561 bp)	element	structural description	high	Karn J, Brenner S, Barnett L (1983) Protein structural domains in the Caenorhabditis elegans unc-54 myosin heavy chain gene are not separated by introns. Proc Natl Acad Sci USA 80(14):4253-4257	Single-copy sarcomeric myosin gene; the 9-kb genomic clone contains only the unc-54 CDS and its introns, all of which are far too short (48-561 bp) to harbor a full DNA-transposon or retroelement insertion. No TE is reported at this locus in the primary structural characterization.
U41998	Arabidopsis thaliana	negative-controls	not a TE - host protein-coding gene (vegetative actin, ACT2), single-copy genomic clone with 2 introns		597-2849 (mRNA span; CDS exons 1217-1670, 1749-2362, 2449-2514 per GenBank feature table)	element	structural description	high	An YQ, McDowell JM, Huang S, McKinney EC, Chambliss S, Meagher RB (1996) Strong, constitutive expression of the Arabidopsis ACT2/ACT8 actin subclass in vegetative tissues. Plant J 10(1):107-121	Single-copy vegetative actin gene deposited as a discrete 3172-bp genomic clone. Both introns lie entirely within this well-characterized coding region and no TE insertion is reported in the reference clone.
NC_001138.5	Saccharomyces cerevisiae	negative-controls	not a TE - host protein-coding gene (actin, ACT1), single-copy essential gene with one intron		53260-54696, complement strand (chromosome VI; locus YFL039C)	containing_record	structural description	high	NCBI Gene ID 850504 (ACT1/YFL039C), cross-referenced to Saccharomyces Genome Database locus S000001855, chromosome VI reference sequence NC_001138.5	ACT1 is single-copy and essential; its one intron is only ~308 bp, far too short to contain a Ty retrotransposon (~5.9 kb) or even a full solo LTR. Ty elements in S. cerevisiae preferentially target Pol III-transcribed (tRNA-gene-flanking) regions, not ACT1.
U01317	Homo sapiens	negative-controls	not a TE - host protein-coding gene (beta-globin, HBB), single-copy gene with 2 introns		62137-63742 (HBB gene per GenBank feature table; introns at 62279-62408 and 62632-63481)	containing_record	structural description	high	Lawn RM, Efstratiadis A, O'Connell C, Maniatis T (1980) The nucleotide sequence of the human beta-globin gene. Cell 21(3):647-651	HBB is the archetypal single-copy globin gene; coordinates are restricted to the gene body itself (both short introns), which has been sequenced and studied for over 40 years with no TE insertion reported within it, unlike the Alu-containing intergenic/LCR regions elsewhere in this 73-kb clone.
X07685	Homo sapiens	negative-controls	not a TE - centromeric alpha-satellite tandem repeat (171-bp AT-rich consensus monomer); satellite DNA, not a mobile element			element	structural description	high	Vissel B, Choo KH (1987) Human alpha satellite DNA--consensus sequence and conserved regions. Nucleic Acids Res 15(16):6751-6752	Alpha satellite is a tandemly repeated, non-autonomous, non-mobile DNA family confined to centromeric regions. It has no ORF and no similarity to transposase/RT domains, so it is a risk mainly for repeat-content-based (not domain-based) callers.
X61378	Homo sapiens	negative-controls	not a TE - simple/low-complexity CGG trinucleotide microsatellite in the FMR1 5' UTR		2720-2767 (CGG repeat_region as annotated in the GenBank record)	containing_record	experimental	high	Fu YH, Kuhl DP, Pizzuti A, et al. (1991) Variation of the CGG repeat at the fragile X site results in genetic instability: resolution of the Sherman paradox. Cell 67(6):1047-1058	Pure trinucleotide microsatellite with no coding capacity. Its GC-richness and copy-number polymorphism can trigger low-complexity/simple-repeat masking, but it has no similarity to any TE domain or terminal-repeat structure.
AF018167	Homo sapiens	negative-controls	not a TE - host telomerase reverse transcriptase (TERT/hEST2), single-copy nuclear gene, mRNA/complete cds			element	experimental	high	Meyerson M, Counter CM, Eaton EN, et al. (1997) hEST2, the putative human telomerase catalytic subunit gene, is up-regulated in tumor cells and during immortalization. Cell 90(4):785-795	TERT carries a bona fide reverse-transcriptase fold and is a top false-positive risk for RT-domain-based TE detectors; it is single-copy, nuclear-encoded, essential for telomere maintenance, and its RT activity was directly assayed biochemically on the telomerase RNA template, independent of any TE annotation.
U50902	Lactococcus lactis	negative-controls	reverse-transcriptase domain of a self-splicing group II intron (Ll.LtrB, protein LtrA) - falls outside the Wicker eukaryotic TE classification scheme rather than being a TE proper		7795-9594 (LtrA CDS)	containing_record	experimental	medium	Mills DA, McKay LL, Dunny GM (1996) Splicing of a group II intron involved in the conjugative transfer of pRS01 in lactococci. J Bacteriol 178(12):3531-3538	LtrA has an authentic RT domain, evolutionarily ancestral to non-LTR retrotransposon and telomerase RTs, and is a frequent close bacterial hit for RT-domain searches. Ll.LtrB is nonetheless a catalytic-RNA self-splicing intron with an intron-encoded protein (retrohoming mechanism) rather than a Wicker-scheme transposable element; its single-copy context interrupting the conjugative relaxase gene ltrB was established experimentally, independent of any TE caller. Labeled with a softened class string rather than a flat 'not a TE' because group II introns are themselves mobile genetic elements under some classification schemes.
NG_008718	Homo sapiens	negative-controls	not a TE - host AP endonuclease (APEX1/APE1/HAP1), single-copy base-excision-repair enzyme			element	experimental	medium	Robson CN, Hickson ID (1991) Isolation of cDNA clones encoding a human apurinic/apyrimidinic endonuclease that corrects DNA repair and mutagenesis defects in E. coli xth (exonuclease III) mutants. Nucleic Acids Res 19(20):5519-5523	APE1 belongs to the Exo_endo_phos (DNase I-like) nuclease superfamily that also contains the endonuclease domain of LINE-1 ORF2p, so domain-based TE callers keyed on this fold risk flagging APE1. It is single-copy, essential, nuclear-encoded, carries no RT or transposase domain, and its AP-endonuclease activity was defined biochemically independent of any TE annotation.
NC_000913.3	Escherichia coli (K-12 substr. MG1655)	negative-controls	not a TE - host chromosomal tyrosine recombinase (XerC), single-copy site-specific recombinase for chromosome-dimer resolution		3996287-3997183 (xerC CDS, locus tag b3811)	containing_record	experimental	high	Colloms SD, Sykora P, Szatmari G, Sherratt DJ (1990) Recombination at ColE1 cer requires the Escherichia coli xerC gene product, a member of the lambda integrase family of site-specific recombinases. J Bacteriol 172(12):6973-6980	XerC is a catalytic-tyrosine site-specific recombinase of the lambda-integrase family. This tyrosine-recombinase fold, rather than the DDE-transposase fold used by most DNA transposons, is what Crypton DNA transposons and DIRS-like retroelements use for integration, making it a genuine confusion axis for domain panels. XerC's role in dif-site recombination for chromosome dimer resolution was established biochemically and genetically, independent of any TE database.
NC_001140.6	Saccharomyces cerevisiae	negative-controls	not a TE - host spliceosomal protein (PRP8/YHR165C) whose core domain is a degenerate, catalytically repurposed reverse transcriptase/maturase/endonuclease/RNase-H-like fold retained from an ancestral retroelement		429707-436948, complement strand (chromosome VIII)	containing_record	structural description	high	Dlakic M, Mushegian A (2011) Prp8, the pivotal protein of the spliceosomal catalytic center, evolved from a retroelement-encoded reverse transcriptase. RNA 17(5):799-808	PRP8's central conserved domain is structurally homologous to group-II-intron-maturase/retroelement RT-fingers-palm, thumb/X, and endonuclease-like subdomains - almost the full TE RT+EN domain architecture - yet it is single-copy, essential, and functions as the catalytic scaffold of the spliceosome, not as a mobile element; its RT-like fold is catalytically dead/repurposed, established by structural and phylogenetic analysis independent of any TE caller.
X02599	Drosophila melanogaster	ltr-copia-gypsy	Class I / LTR	Copia (Ty1)		element	structural description	high	Emori Y, Shiba T, Kanaya S, Inouye S, Yuki S, Saigo K. 1985. Nature 315:773-776	Original full-length sequencing of the Drosophila copia element (the type element of the Copia/Ty1 superfamily); complete 5183 bp record independently verified on GenBank (not TEagle's bundled M11240 example).
M18706	Saccharomyces cerevisiae	ltr-copia-gypsy	Class I / LTR	Copia (Ty1)		element	library membership	high	Boeke JD, Eichinger D, Castrillon D, Fink GR. 1988. Mol Cell Biol 8(4):1432-1442	Ty1-H3, a genomic Ty1 copy; Saccharomyces cerevisiae Ty1 is the ICTV type species of Pseudoviridae (Ty1/copia lineage), so superfamily assignment is independent of any de novo classifier.
M94164	Saccharomyces cerevisiae	ltr-copia-gypsy	Class I / LTR	Copia (Ty1)		element	structural description	high	Janetzky B, Lehle L. 1992. J Biol Chem 267(28):19798-19805	Ty4, flanked by tau solo-LTR elements; Ty4 groups with the Ty1/copia (Pseudoviridae) lineage of S. cerevisiae Ty elements. Note: TY4A gag is annotated as a pseudogene, TY4B protease-integrase-RT/RNase H (pol) is complete cds -- useful mainly for pol-domain content, not full gag-pol boundary testing.
X13777	Nicotiana tabacum	ltr-copia-gypsy	Class I / LTR	Copia (Ty1)		element	structural description	high	Grandbastien MA, Spielmann A, Caboche M. 1989. Nature 337:376-380	Tnt1-94, the first fully sequenced active plant retrotransposon, described as a copia-like LTR retroelement with gag-pol organization typical of Ty1/copia elements.
Z17327	Hordeum vulgare	ltr-copia-gypsy	Class I / LTR	Copia (Ty1)		element	structural description	high	Manninen I, Schulman AH. 1993. Plant Mol Biol 22(5):829-846	BARE-1, described as a copia-like retroelement; paper states LTRs of 1829 bp with 6 bp inverted terminal repeats flanking an internal domain homologous to gag, pro, int and rt of copia-like retrotransposons.
AF053008	Glycine max	ltr-copia-gypsy	Class I / LTR	Copia (Ty1)		element	structural description	high	Laten HM, Majumdar A, Gaucher EA. 1998. Proc Natl Acad Sci USA 95(12):6897-6902	SIRE1-1, explicitly described as a copia/Ty1-like retroelement with gag-pro-int-rt-rh domain order plus an unusual retroviral env-like ORF; superfamily assignment made independently by domain-order phylogeny.
U68408	Zea mays	ltr-copia-gypsy	Class I / LTR	Copia (Ty1)		element	structural description	high	SanMiguel P, Tikhonov A, Jin YK, et al. 1996. Science 274(5288):765-768	Opie-2, one of the maize Adh1-region retrotransposon families characterized in the classic nested-retrotransposon paper; record covers 5' LTR, PBS, gag and complete pol cds of the Opie (Ty1/copia) family.
X59545	Drosophila melanogaster	ltr-copia-gypsy	Class I / LTR	Copia (Ty1)		element	structural description	high	Avedisov SN, Cherkasova VA, Il'in YV. 1990. Genetika 26(11):1905-1914	mdg1, a classic Drosophila copia-like element (grouped with copia, 1731, 297, mdg1 as the canonical Ty1/copia-like Drosophila families); 7480 bp record independently deposited, distinct from any excluded development accession.
X07656	Drosophila melanogaster	ltr-copia-gypsy	Class I / LTR	Copia (Ty1)		element	structural description	high	Fourcade-Peronnet F, d'Auriol L, Becker J, Galibert F, Best-Belpomme M. 1988. Nucleic Acids Res 16(13):6113-6125	Retrotransposon 1731, full-length 4648 bp copy flanked by 336 bp LTRs (paper-stated), part of the Ty1/copia-like Drosophila element group.
X52387	Solanum tuberosum	ltr-copia-gypsy	Class I / LTR	Copia (Ty1)		element	structural description	high	Camirand A, Brisson N. 1990. Nucleic Acids Res 18(16):4929	Tst1, the first completely sequenced potato transposable element, explicitly described as copia-like; paper states 5' and 3' LTRs of 285 and 283 bp respectively flanking a 5060 bp element.
X57168	Triticum aestivum	ltr-copia-gypsy	Class I / LTR	Copia (Ty1)		element	structural description	medium	Lucas H, Moore G, Murphy G, Flavell RB. 1992. Mol Biol Evol 9(4):716-728	WIS2-1A, a copia-like wheat retrotransposon; this specific record (1755 bp) is a cloned LTR-containing fragment, not the full internal domain -- useful for LTR/inverted-repeat structure (the paper's focus) but not for full-length boundary testing.
X13291	Arabidopsis thaliana	ltr-copia-gypsy	Class I / LTR	Copia (Ty1)		element	structural description	high	Voytas DF, Ausubel FM. 1988. Nature 336:242-244	Ta1-3, a member of the Ta1 copia-like transposable element family of A. thaliana; ORF shows clear similarity to the Drosophila copia polyprotein, cited as the basis for copia-like classification.
U11059	Zea mays	ltr-copia-gypsy	Class I / LTR	Copia (Ty1)		element	structural description	high	Hu W, Das OP, Messing J. 1995. Mol Gen Genet 248(4):471-480	Zeon-1, 7313 bp record length matches the paper-stated element size exactly; paper describes two LTRs, PBS, PPT and a gag-related ORF diagnostic of a copia-like (Ty1) element.
AB014676	Bombyx mori	ltr-copia-gypsy	Class I / LTR	Copia (Ty1)		element	structural description	high	Ohbayashi F, Shimada T, Sugasaki T, Kawai S, Mita K, Oshiki T, Abe H. 1998. Genes Genet Syst 73(6):345-352	Yokozuna, described as the first Ty1/copia LTR retrotransposon characterized in the silkworm genome (W chromosome); complete cds record, 4738 bp.
AF387862	Anopheles gambiae	ltr-copia-gypsy	Class I / LTR	Copia (Ty1)		element	experimental	high	Rohr CJ, Ranson H, Wang X, Besansky NJ. 2002. Mol Biol Evol 19(2):149-162	mtanga, a Y-chromosome-linked Ty1/copia retrotransposon shown to be actively transcribed in A. gambiae; complete-sequence record, 4284 bp, independent of any TEagle output.
X74338	Pyxicephalus adspersus	ltr-copia-gypsy	Class I / LTR	Copia (Ty1)		element	phylogeny	medium	Flavell AJ, Jackson V, Iqbal MP, Riach I, Waddell S. 1995. Mol Gen Genet 246(1):65-71	Tpa1, an amphibian Ty1-copia group RT-domain sequence placed within the Ty1/copia clade by phylogenetic analysis in the primary paper. Caveat: this is a short (~225 bp) degenerate-primer PCR fragment of the RT catalytic core, not a full-length element -- useful only for taxonomic-spread superfamily calls, not for LTR-boundary or full-domain-content testing. Included because full-length vertebrate Copia elements are essentially unavailable as discrete GenBank records.
FJ173819	Triticum turgidum	ltr-copia-gypsy	Class I / LTR	Copia (Ty1)	complement(3902..12543) within FJ173819 [3' LTR complement(3902..5667); 5' LTR complement(10775..12543)]	containing_record	structural description	medium	Distelfeld A, Tranquilli G, Li C, Yan L, Dubcovsky J. 2009. Plant Physiol 149(1):245-257	The record's own feature-table annotation labels this mobile element a Copia-type retrotransposon (family Angela, well established in wheat literature) with explicit 5'/3' LTR coordinates (~1.7 kb each) flanked by target-site duplications; the cited paper's own focus is the adjacent VRN2 (ZCCT1-B1) gene, not Angela -- superfamily call rests on the GenBank annotation itself, not on that paper's argument.
AF116598	Vitis vinifera	ltr-copia-gypsy	Class I / LTR	Copia (Ty1)		element	structural description	medium	Verries C, Bes M, This P, Tesniere C. 2000. Genome 43(2):366-376	VINE-1, a Ty1/copia-like grapevine retrotransposon (grouped with Tvv1 as Copia, versus the Ty3/gypsy-like Gret1, in the grapevine TE literature); this GenBank record's own gag-pol complete cds spans 5321 bp, a fuller-length family member than the ~2392 bp truncated copy inserted in the Adhr gene that the cited paper's abstract centers on -- same family, same citation, different copy length.
AF123535	Zea mays	ltr-copia-gypsy	Class I / LTR	Copia (Ty1)	opie_334B07-3: complement(68628..77589) within AF123535	containing_record	structural description	high	Tikhonov AP, SanMiguel PJ, Nakajima Y, Gorenstein NM, Bennetzen JL, Avramova Z. 1999. Proc Natl Acad Sci USA 96(13):7409-7414	A second, non-truncated Opie-family (Ty1/copia) copy explicitly annotated with element coordinates in the finished maize adh1 region sequence; family assignment (Opie/Ty1-copia) independently established in SanMiguel et al. 1996 Science and reaffirmed in this paper's annotation.
AF123535	Zea mays	ltr-copia-gypsy	Class I / LTR	Copia (Ty1)	ji_334B07-4: complement(90235..99572) within AF123535	containing_record	structural description	high	Tikhonov AP, SanMiguel PJ, Nakajima Y, Gorenstein NM, Bennetzen JL, Avramova Z. 1999. Proc Natl Acad Sci USA 96(13):7409-7414	A non-truncated Ji-family copy (the Ji/Opie lineage is Ty1/copia) annotated with explicit element coordinates in the finished maize adh1 region; distinct locus from the opie_334B07-3 entry above, same BAC/region.
X03431	Drosophila melanogaster	ltr-copia-gypsy	Class I / LTR	Gypsy (Ty3)		element	structural description	high	Inouye S, Yuki S, Saigo K. 1986. Eur J Biochem 154(2):417-425	Complete 6995 bp sequence of element 297, one of the canonical gypsy-clade Drosophila families (gypsy, 297, 17.6, ZAM); three ORFs comparable to retroviral gag, pol and env.
X81801	Arabidopsis thaliana	ltr-copia-gypsy	Class I / LTR	Gypsy (Ty3)		element	structural description	high	Pelissier T, Tutois S, Deragon JM, Tourmente S, Genestier S, Picard G. 1995. Plant Mol Biol 29(3):441-452	Athila, explicitly assigned to the gypsy retrotransposon class; paper states ~10.5 kb elements flanked by ~1.5 kb LTRs with retroviral 5'TG...CA3' termini, many with an env-containing ORF3.
AJ133521	Drosophila buzzatii	ltr-copia-gypsy	Class I / LTR	Gypsy (Ty3)		element	structural description	high	Pantazidis A, Labrador M, Fontdevila A. 1999. Mol Biol Evol 16(7):909-921	Osvaldo, described as displaying all structural features of a functional retrovirus, distantly related to gypsy; paper states 9045 bp total length with 1196 bp LTRs; record length (9085 bp) matches closely.
U15406	Caenorhabditis elegans	ltr-copia-gypsy	Class I / LTR	Gypsy (Ty3)		element	structural description	high	Britten RJ. 1995. Proc Natl Acad Sci USA 92:599-601	Cer1, an 8865 bp complete gag-pol-env cds record explicitly identified as a gypsy/Ty3 retrotransposon/retrovirus of C. elegans.
L35053	Magnaporthe grisea	ltr-copia-gypsy	Class I / LTR	Gypsy (Ty3)		element	structural description	medium	Farman ML, Tosa Y, Nitta N, Leong SA. 1996. Mol Gen Genet 251(6):665-674	MAGGY, described as closely related to the gypsy class based on gag-pol-env-like ORF organization. Caveat: this record's gag gene is partial (5' truncated, '<' in feature table); only the pol (RT) region is complete cds -- usable for pol-domain content, not full gag boundary testing.
AJ000387	Drosophila melanogaster	ltr-copia-gypsy	Class I / LTR	Gypsy (Ty3)		element	experimental	high	Leblanc P, Desset S, Dastugue B, Vaury C. 1997. EMBO J 16(24):7521-7531	ZAM, shown experimentally to have all structural (gag-pol-env) and functional features of a retrovirus and grouped with the canonical gypsy clade (gypsy, 297, 17.6, ZAM); complete 8435 bp gag/pol/env record.
AJ009736	Drosophila melanogaster	ltr-copia-gypsy	Class I / LTR	Gypsy (Ty3)		element	experimental	medium	Desset S, Conte C, Dimitri P, Calco V, Dastugue B, Vaury C. 1999. Mol Biol Evol 16(1):54-66	Idefix, characterized alongside ZAM as a mobilized gypsy-clade retroelement regulated by the flamenco locus. Record is explicitly labeled 'partial' (gag/pol/env genes, partial), 7411 bp -- useful for domain content but not guaranteed full-length boundaries.
X93507	Drosophila melanogaster	ltr-copia-gypsy	Class I / LTR	Gypsy (Ty3)		element	structural description	medium	Molto MD, Paricio N, Lopez-Preciado MA, Semeshin VF, Martinez-Sebastian MJ. 1996. J Mol Evol 42:369-375	Tirant, described as gag-pol-env organized and strongly similar to ZAM, part of the gypsy-clade tirant/zam/idefix/17.6/297 group; record is 5184 bp, shorter than the ~8527 bp full-length element reported in later work, so likely represents a partial/defective genomic copy rather than the complete consensus.
AF049110	Zea mays	ltr-copia-gypsy	Class I / LTR	Gypsy (Ty3)		element	structural description	high	Sanz-Alferez S, SanMiguel P, Jin YK, Springer PS, Bennetzen JL. 2003. Genome 46(5):745-752	Cinful-1, an 8581 bp complete-sequence record, explicitly classified as Ty3-gypsy type. Caveat: the paper reports Cinful-1/2 lack gag homology (a defective element for gag content), so this record is best used for pol/LTR structure rather than full gag-pol-env domain testing.
AF050455	Zea mays	ltr-copia-gypsy	Class I / LTR	Gypsy (Ty3)		element	structural description	high	SanMiguel P, Bennetzen JL. 1998. Ann Bot 82(Suppl A):37-44	Tekay, explicitly titled in GenBank as a 'gypsy/Ty3-type retrotransposon,' complete 12118 bp sequence.
U69258	Zea mays	ltr-copia-gypsy	Class I / LTR	Gypsy (Ty3)		element	structural description	high	Avramova Z, Tikhonov A, SanMiguel P, Jin YK, Liu C, Woo SS, Wing RA, Bennetzen JL. 1996. Plant J 10(6):1163-1168	Reina, explicitly deposited as a 'Gypsy-like retrotransposon'; 5412 bp record from the paper that first named and localized this low-copy maize element.
AF104899	Gadus morhua	ltr-copia-gypsy	Class I / LTR	Gypsy (Ty3)	7520-12788 within AF104899 (5' LTR 12385-12788, 3' LTR 7520-7925)	containing_record	phylogeny	high	Butler M, Goodwin T, Poulter R. 2001. Mol Biol Evol 18(3):443-447	Gmr1, a full-length (5269 bp) vertebrate LTR retrotransposon placed in the Ty3/gypsy group by sequence-similarity phylogeny, with LTRs stated to be 98% identical. IMPORTANT CAVEAT: Gmr1 has an unusual pol domain order (protease-integrase-RT/RNase H) matching the Ty1/copia arrangement rather than the canonical Ty3/gypsy protease-RT/RNase H-integrase order -- this is a documented exception explicitly discussed by the authors, not a labeling error, and should be treated as a deliberately atypical stress-test case rather than a canonical Gypsy exemplar if domain order is part of the classifier's decision logic.
EU862277	Quercus suber	ltr-copia-gypsy	Class I / LTR	Gypsy (Ty3)		element	structural description	high	Rocheta M, Cordeiro J, Marum L, Farinha N, Amaral P, Sobral R, Miguel C. 2012. BMC Res Notes 5:432	Corky, explicitly deposited as a gypsy-like retrotransposon, complete 5924 bp sequence, homologous to other characterized Pinaceae gypsy elements (IFG7, PpRT1).
AF051915	Cladosporium fulvum	ltr-copia-gypsy	Class I / LTR	Gypsy (Ty3)		element	structural description	high	McHale MT, Roberts IN, Noble SA, Beaumont C, Whitehead MP, Seth D, Oliver RP. 1992. Mol Gen Genet 233(3):337-347	CfT-1, complete 7397 bp sequence; paper states LTRs of 427 bp and a pol ORF with domain order protease-RT-RNaseH-integrase, closely related to the gypsy class of LTR retrotransposons. Current species name is Fulvia fulva (synonym of Cladosporium fulvum).
M77661	Magnaporthe grisea	ltr-copia-gypsy	Class I / LTR	Gypsy (Ty3)		element	structural description	high	Dobinson KF, Harris RE, Hamer JE. 1993. Mol Plant Microbe Interact 6:114-126	Grasshopper (grh), complete gag/pol cds (5233 bp); paper states 198 bp LTRs and a pol ORF (RT-RNaseH-integrase order) related to the gypsy family.
AB111101	Vitis vinifera	ltr-copia-gypsy	Class I / LTR	Gypsy (Ty3)		containing_record	experimental	high	Kobayashi S, Goto-Yamamoto N, Hirochika H. 2004. Science 304(5673):982	Gret1, explicitly deposited/titled as a 'gypsy-type retrotransposon'; its insertion into the VvMybA1 promoter was experimentally linked to loss of grape skin pigmentation, an independent functional confirmation of the element's identity and locus.
L34658	Fusarium oxysporum	ltr-copia-gypsy	Class I / LTR	Gypsy (Ty3)		element	structural description	high	Anaya N, Roncero MI. 1995. Mol Gen Genet 249(6):637-647	Skippy, complete gag/pol cds (8457 bp); paper states 429 bp LTRs and a pol domain order (protease-RT-RNaseH-integrase) closely related to the gypsy family.
AJ004945	Pinus radiata	ltr-copia-gypsy	Class I / LTR	Gypsy (Ty3)		element	structural description	high	Kossack DS, Kinlaw CS. 1999. Plant Mol Biol 39(3):417-426	IFG7, deposited as 'gypsy-like retroposon...complete genome' (5937 bp); paper title states it 'has an extensive history in pines' and confirms gypsy-like sequence features.
DQ394069	Pinus pinaster	ltr-copia-gypsy	Class I / LTR	Gypsy (Ty3)		element	structural description	high	Rocheta M, Cordeiro J, Oliveira M, Miguel C. 2007. Planta 225(3):551-562	PpRT1, the paper's title states it is 'the first complete gypsy-like retrotransposon isolated in Pinus pinaster'; complete-sequence record, 5966 bp, matching the paper's stated length.
GU817319	Triticum turgidum	ltr-copia-gypsy	Class I / LTR	Gypsy (Ty3)	RLG_Fatima_2383A24-3: 102723..112683 within GU817319 (5' LTR 102728-103200, 3' LTR 112206-112678)	containing_record	structural description	high	Salina EA, Sergeeva EM, Adonina IG, Shcherban AB, Belcram H, Huneau C, Chalhoub B. 2011. BMC Plant Biol 11:99	One of three Fatima (Ty3-gypsy) elements explicitly annotated with coordinates in this BAC sequence; both flanking LTRs are 473 bp (5' 102728-103200, 3' 112206-112678), an unusually clean matched-LTR pair useful for panel 5.2 boundary comparison. Flanked by an ACATC target-site duplication per the annotation.
AF123535	Zea mays	ltr-copia-gypsy	Class I / LTR	Gypsy (Ty3)	huck_334B07-2: complement(50734..63094) within AF123535	containing_record	structural description	high	Tikhonov AP, SanMiguel PJ, Nakajima Y, Gorenstein NM, Bennetzen JL, Avramova Z. 1999. Proc Natl Acad Sci USA 96(13):7409-7414	A non-truncated Huck-family (Ty3/gypsy) copy with explicit element coordinates annotated in the finished maize adh1 region; Huck superfamily assignment independently established in the maize LTR-retrotransposon literature (SanMiguel/Bennetzen lineage of papers).
AF148856	Homo sapiens	line-nonltr	Class I / non-LTR (LINE)	L1		element	experimental	high	Kimberland ML, Divoky V, Prchal J, Schwahn U, Berger W, Kazazian HH Jr. 1999. Hum Mol Genet 8(8):1557-1560	L1RP, a full-length, retrotransposition-competent ('hot') human L1 in intron 1 of the RP2 gene. GenBank record (6019 bp) annotates intact ORF1 (338 codons) and ORF2 (1275 codons; nt 1987-5814). L1 elements canonically terminate in a poly-A tail required for target-primed reverse transcription (Feng et al. 1996 Cell 87:905-916); this is clade-level structural knowledge, not a base-by-base re-verification of this specific record's terminal poly-A tract in this session.
AF016099	Mus musculus	line-nonltr	Class I / non-LTR (LINE)	L1		containing_record	experimental	high	Naas TP, DeBerardinis RJ, Moran JV, Ostertag EM, Kingsmore SF, Seldin MF, Hayashizaki Y, Martin SL, Kazazian HH Jr. 1998. EMBO J 17(2):590-597	L1spa (TF subfamily), a full-length, retrotransposition-competent mouse L1 that inserted de novo into the Glrb gene causing the spastic mouse phenotype (Kingsmore et al. 1994 Nat Genet 7:136-141). GenBank record (9278 bp) annotates ORF1 (nt 3142-4257) and ORF2 (nt 4298-8143). Naas et al. 1998 explicitly state a 667 bp 3' UTR 'terminating in a stretch of adenines' — poly-A tail directly confirmed in the primary paper, not inferred.
M14954	Drosophila melanogaster	line-nonltr	Class I / non-LTR (LINE)	I		element	structural description	high	Fawcett DH, Lister CK, Kellett E, Finnegan DJ. 1986. Cell 47(6):1007-1015	Full-length I-factor clone (6231 bp) with annotated ORF1 (nt 286-1566) and ORF2 (nt 1635-5294). Importantly, I elements do NOT terminate in a poly-A tail: primary literature (Chambeyron et al. 2002 Nucleic Acids Res 30:3387-3395) established that I-clade elements end instead in 3-8 tandem TAA/UAA repeats. Full-length, non-poly-A-tailed structural contrast case.
M22874	Drosophila melanogaster	line-nonltr	Class I / non-LTR (LINE)	Jockey		element	structural description	high	Priimagi AF, Mizrokhi LJ, Ilyin YV. 1988. Gene 70(2):253-262	Near full-length Jockey clone 'J-1' (5154 bp; ORF1 <414-2165, 5' end of ORF1 slightly beyond the clone's UTR margin; ORF2 2162-4912). Priimagi et al. 1988 explicitly state a complete jockey copy 'is terminated with an oligodeoxynucleotide (dA) sequence' -- i.e. a poly(dA)/poly-A-like 3' tail, consistent with the terminal A-rich stretch of this record. Positive control for a poly-A-tailed LINE outside the L1/L1-related clades.
AB076841	Bombyx mori	line-nonltr	Class I / non-LTR (LINE, rDNA-specific)	R2	63-4247 (element within the 4372 bp record)	containing_record	structural description	high	Fujimoto H, et al. 2004. Nucleic Acids Res 32(4):1555-1565; clade originally described by Burke WD, Müller F, Eickbush TH. 1987. Mol Cell Biol 7(6):2221-2230	R2Bm element (~4.2 kb) inserted into the 28S rRNA gene; single ORF (nt 658-4002) fusing reverse transcriptase and restriction-enzyme-like endonuclease domains -- the diagnostic R2-clade architecture (no separate ORF1/gag-like domain). R2 elements are established in the primary literature (Burke et al. 1987; Eickbush 2002 in Mobile DNA II) to lack a poly-A tail, instead ending in a structured, self-priming 3' UTR; the terminal ~80 nt of this record are GC-rich/structured rather than a homopolymeric A-tract, consistent with that.
X51968	Drosophila melanogaster	line-nonltr	Class I / non-LTR (LINE, rDNA-specific)			element	structural description	high	Jakubczak JL, Xiong Y, Eickbush TH. 1990. J Mol Biol 212(1):37-52	Full-length-scale R1Dm clone (5356 bp) with two ORFs: ORF I (nt 319-1734, protease-like) and ORF II (nt 1728-4793, reverse transcriptase/integrase) -- the R1(LOA)-clade domain architecture, sister clade to R2. Superfamily left blank because R1-clade Wicker-superfamily naming is not fully standardized; clade identity (R1) is unambiguous. Like R2, R1 elements lack a canonical poly-A tail; the 3' terminus here is AT-rich rather than a homopolymeric A stretch.
U29445	Ascaris lumbricoides	line-nonltr	Class I / non-LTR (LINE, rDNA-specific)			element	structural description	high	Burke WD, Müller F, Eickbush TH. 1995. Nucleic Acids Res 23(22):4628-4634	Full-length R4 element (4686 bp) inserted into the 26S (large-subunit) rRNA gene. R4 is an ancient non-LTR clade encoding only a single ORF (restriction-enzyme-like endonuclease domain, no separate ORF1/gag-like domain) -- structurally distinct from L1/I/Jockey/R1/R2. Superfamily left blank (R4 clade, not a standard Wicker superfamily label) but the clade assignment itself is not in doubt. Useful single-ORF, non-poly-A contrast case.
AF054983	Caenorhabditis elegans	line-nonltr	Class I / non-LTR (LINE)	RTE		element	structural description	high	Youngman S, van Luenen HGAM, Plasterk RHA. 1996. FEBS Lett 380(1-2):1-7	Complete RTE-1 element (3291 bp) with a single ORF (~625 aa, RT-similar) -- the RTE-clade single-ORF architecture (RTE established as a distinct, widely distributed clade by Malik & Eickbush 1998 Mol Biol Evol 15:1123-1134). Full-length, structurally simple non-LTR retrotransposon distinct from all L1/I/Jockey/R1/R2/R4 cases above.
AY032740	Drosophila melanogaster	line-nonltr	Class I / non-LTR (LINE)	Jockey	360-1806 (element within the 4464 bp record)	containing_record	structural description	high	Zatsepina OG, Velikodvorskaia VV, Molodtsov VB, Garbuz D, Lerman DN, Bettencourt BR, Feder ME, Evgen'ev MB. 2001. J Exp Biol 204(Pt 11):1869-1881	5'-TRUNCATED case. GenBank explicitly annotates a 'truncated Jockey element transposon' at nt 360-1806 (1446 bp) adjacent to the Hsp70Ba gene -- roughly 29% of the ~5020 bp full-length Jockey (compare M22874 above), i.e. missing the 5' end and retaining only part of the element. Direct positive example of the common truncated genomic state for this clade; poly-A/3' status not separately assessed since the truncation removed the diagnostic 5' region, not the 3' end.
M22333	Homo sapiens	line-nonltr	Class I / non-LTR (LINE)	L1		element	structural description	high	Woods-Samuels P, Wong C, Mathias SL, Scott AF, Kazazian HH Jr, Antonarakis SE. 1989. Genomics 4(3):290-296	5'-TRUNCATED case (clone JH27L1HS, 3785 bp). Woods-Samuels et al. 1989 characterize this as a nondeleterious L1 insertion in an intron of the human factor VIII gene retaining an ORF spanning most of the clone (nt 1-3580), corresponding to the 3' portion of L1 ORF2 -- i.e. 5' end missing, 3' portion retained. Truncation and clade identity are established directly in the primary paper; the terminal poly-A tract specifically was not independently re-verified from the raw sequence in this session (automated position extraction proved unreliable), so treat the poly-A detail, not the truncation/identity call, as unconfirmed.
M22334	Homo sapiens	line-nonltr	Class I / non-LTR (LINE)	L1		element	structural description	high	Woods-Samuels P, Wong C, Mathias SL, Scott AF, Kazazian HH Jr, Antonarakis SE. 1989. Genomics 4(3):290-296	5'-TRUNCATED case (clone JH28L1HS, 2132 bp), a second, independent nondeleterious L1 insertion in the same factor VIII intron reported in the same paper, with an ORF at nt 1-1927. Same caveat as M22333: truncation/identity solid from the primary paper; terminal poly-A specifically not independently re-verified this session.
D76434	Gallus gallus	line-nonltr	Class I / non-LTR (LINE)		417-952 (CR1 mobile_element within the 23989 bp record)	containing_record	structural description	high	Sekido R, Takagi T, Okanami M, Moribe H, Yamamura M, Higashi Y, Kondoh H. 1996. Gene 173(2):227-232	5'-TRUNCATED CR1 case. GenBank feature table explicitly annotates a mobile_element of type 'transposon:CR1' at nt 417-952 (536 bp) within an intron of the chicken deltaEF1 gene locus. Full-length CR1 is ~4.5 kb (Haas et al. 1997 J Mol Evol); a 536 bp fragment is therefore heavily 5'-truncated, consistent with Vandergon & Reitman's (1994 Mol Biol Evol 11:886-898) finding that the vast majority of genomic CR1 copies are heavily 5'-truncated. No ORF or poly-A is annotated at this locus; CR1, like other R1-like clade members, is not expected to carry a poly-A tail.
DF000002968	Danio rerio	line-nonltr	Class I / non-LTR (LINE)	RTE/BovB		element	library membership	medium	Storer J, Hubley R, Rosen J, Wheeler TJ, Smit AFA. 2021. Mobile DNA 12:2 (Dfam resource); clade established by Kordiš D, Gubenšek F. 1998. Proc Natl Acad Sci USA 95(18):10704-10709	Dfam-curated family DF000002968 (BovB-1_DR), classified LINE > RTE-group > BovB in zebrafish. BovB is the classic horizontally-transferred RTE-clade LINE (Kordiš & Gubenšek 1998); Dfam family-membership is curated independently of any TEagle-adjacent tool. This is a consensus family model, not a single genomic locus with coordinates, and no poly-A status is assessable at this level -- flagged as lower-resolution evidence than the discrete-locus cases above.
DF000000002	Homo sapiens	line-nonltr	Class I / non-autonomous SINE	7SL-RNA-derived (Alu family)		element	library membership	high	Storer J, Hubley R, Rosen J, Wheeler TJ, Smit AFA. 2021. Mobile DNA 12:2 (Dfam resource); Batzer MA, Deininger PL. 2002. Nat Rev Genet 3(5):370-379	Dfam family DF000000002 = AluY, the youngest/most active human Alu subfamily, curated independently of any TEagle output. NON-AUTONOMOUS: Alu elements have no ORFs or reverse transcriptase of their own and are mobilized in trans by L1 ORF2p (Dewannieux et al. 2003 Nat Genet 35:41-48). TEagle is not expected to classify this as an autonomous LINE; correctly declining an autonomous-LINE call here is itself informative.
DF000001733	Mus musculus	line-nonltr	Class I / non-autonomous SINE	7SL-RNA-derived (B1 family)		element	library membership	high	Storer J, Hubley R, Rosen J, Wheeler TJ, Smit AFA. 2021. Mobile DNA 12:2 (Dfam resource); Krayev AS, Kramerov DA, Skryabin KG, Ryskov AP, Bayev AA, Georgiev GP. 1980. Nucleic Acids Res 8(6):1201-1215	Dfam family DF000001733 = B1_Mm, the mouse counterpart of primate Alu (both derived from 7SL RNA, independently amplified). NON-AUTONOMOUS SINE: no ORF1/ORF2 of its own, mobilized in trans by an autonomous LINE partner.
X78906.1	Drosophila mauritiana	tir-dna	Class II / TIR	Tc1/Mariner		element	structural description	medium	Medhora, Maruyama & Hartl 1991 Genetics 128(2):311-318	Identity high (record clone=Mos1, matches the canonical Medhora/Maruyama/Hartl 1991 Mos1 papers) but the GenBank record is PARTIAL at both ends (misc_feature <1..>1293) with NO annotated CDS or TIR coordinates. Do not claim record-level TIR/ORF coordinates - cite the paper's reported 28-bp TIRs instead. Autonomous per literature.
X61695.1	Drosophila hydei	tir-dna	Class II / TIR	Tc1/Mariner (Tc1-like)		element	structural description	medium	Franz & Savakis 1991 Nucleic Acids Res 19(23):6646	TIR coordinates (1-255 inverted / 1521-1775 inverted) and Tc1-like family identity are solid GenBank-annotated features. Do NOT use as an 'autonomous, TIR-encloses-intact-transposase' example: the deposited copy's transposase region includes a /pseudo-annotated segment (gene/CDS 887..1492, note=pseudo) alongside CDS 347..808 - this specific clone is not confirmed fully functional.
X55078.1	Antirrhinum majus	tir-dna	Class II / TIR	hAT		element	structural description	high	Hehl, Nacken, Krause, Saedler & Sommer 1991 Plant Mol Biol 16(2):369-371	GenBank-annotated 12-bp TIRs (repeat_region 1-12 and 3617-3629, both inverted) directly enclose the Tam3-transposase CDS (848-3097, protein_id CAA38906.1). Autonomous, full-length, coordinates explicit.
X04705.1	Drosophila melanogaster	tir-dna	Class II / TIR	hAT		element	structural description	high	Streck, MacGaffey & Beckendorf 1986 EMBO J 5(13):3615-3623	GenBank-annotated left/right terminal repeats (1-12 / 2999-3016) enclose ORF1/transposase CDS (316-2250, protein_id CAA28410.1). This is the classic hobo108 element; explicit coordinates.
L34807.1	Musca domestica	tir-dna	Class II / TIR	hAT		element	structural description	high	Warren, Atkinson & O'Brochta 1994 Genet Res 64(2):87-97	GenBank-annotated inverted TIRs (1-17 / 2733-2749) enclose the complete transposase CDS (450-2288). Autonomous, explicit coordinates.
X57297.1	Antirrhinum majus	tir-dna	Class II / TIR	CACTA (En/Spm)		element	structural description	high	Nacken, Piotrowiak, Saedler & Sommer 1991 Mol Gen Genet 228(1-2):201-208	13-bp inverted TIRs (1-13 / 15152-15164) explicitly enclose both TNP1 (multi-exon CDS) and TNP2 CDS regions of the Tam1 element in the GenBank feature table. Structural homology to maize En/Spm reported in the paper. Autonomous.
EU190440.1	Glycine max	tir-dna	Class II / TIR	CACTA	4240..24783 (subrange of the 29218-bp deposited record)	containing_record	structural description	medium	Zabala & Vodkin 2008 BMC Plant Biol 8:124	'Putative autonomous' per the paper's own title. GenBank mobile_element feature gives explicit subrange coordinates (4240-24783, ~20.5 kb) for the Tgmt* CACTA element within a larger F3'H-flanking genomic deposit. Paper text (not broken out as separate GenBank sub-features) reports 13-bp CACTA-type TIRs and a 2194-aa TNP1/TNP2-domain transposase spanning most of the element.
AF247646.1	Zea mays	tir-dna	Class II / TIR	MULE (Mutator, atypical/FHY3-FAR1-related)		element	structural description	high	Xu, Yan, Maurais, Fu, O'Brien, Mottinger & Dooner 2004 Plant Cell 16(5):1105-1114	GenBank-annotated 185-bp inverted TIRs (1-185 / 3736-3916) enclose the transposase CDS (join 746-2484,2554-2944, protein_id AAF66982.1). Flag as an atypical/distant Mutator relative: paper reports Jittery excises without reinsertion and its transposase (JITA) is closer to MULE-family MURA proteins than to canonical MuDR.
KF287636.1	Zea mays	tir-dna	Class II / TIR	MULE (Mutator)		element	structural description	high	Li, Harris & Dooner 2013 Plant Cell 25(9):3251-3265	GenBank record itself annotates the mobile_element as note='autonomous TED element'; a multi-exon transposase CDS ('TEDA', 513 aa, protein_id AGR45850.1) spans the element. Companion locus record KF279654 shows 9-bp flanking TSDs (1505-1513/5474-5482) bracketing the same 3960-bp element in a bronze1 (bz-m175) insertion. TIR base-pair count is described in the paper rather than itemized as a separate GenBank repeat_region feature in either record.
J04364.2	Trichoplusia ni	tir-dna	Class II / TIR	IS4-like/piggyBac		element	structural description	high	Cary, Goebel, Corsaro, Wang, Rosen & Fraser 1989 Virology 172(1):156-169	GenBank-annotated terminal (1-13/2460-2472) and internal (17-36/2410-2428) inverted repeats enclose the transposase CDS (329-2113, protein_id AAA87375.2). This is the original piggyBac/IFP2 clone, independent of TEagle's excluded M11240 (verified separately to actually be a D. melanogaster copia LTR retrotransposon record, not piggyBac).
JX294476.1	Chilo suppressalis	tir-dna	Class II / TIR	IS4-like/piggyBac		element	structural description	high	Luo, Li, Han, Guo, Yang, Wu, Zhang, Liu, Qian & Fang 2014 BMC Mol Biol 15:28	GenBank-annotated outer (1-13/2394-2406) and inner (352-376/2247-2271) inverted repeats enclose the transposase CDS (613-2130, protein_id AGK25052.1). Independent second piggyBac-like case, different organism from IFP2 and from TEagle's own OQ718454 (excluded for other reasons, see supply_assessment).
X06779.1	Drosophila melanogaster	tir-dna	Class II / TIR	generic DDE (P-element family)	996..3902 (mobile_element span within a 4734-bp deposited plasmid record)	containing_record	structural description	medium	O'Hare & Rubin 1983 Cell 34(1):25-35	CAVEAT FIRST: the deposited GenBank record's own SOURCE field is 'synthetic construct' - this is a cloned transformation-vector plasmid (pPI25.1), not a genomic insertion. That said, the annotated mobile_element span (996-3902) is exactly 2907 bp, matching the well-documented complete P-element length, flanked by GenBank-annotated 8-bp direct repeats (988-995/3903-3910) consistent with target-site duplication footprint reported by O'Hare & Rubin 1983. Confidence held at medium specifically because of the vector-context caveat.
X06590.1	Drosophila melanogaster	tir-dna	Class II / TIR	P-element family		element	structural description	high	Black, Jackson, Kidwell & Dover 1987 EMBO J 6(13):4125-4135	NON-AUTONOMOUS: internally-deleted P-element derivative (1170 bp vs the 2907-bp complete P element). TIRs preserved and GenBank-annotated (inverted repeat A: 9-39, inverted repeat A': 1132-1162) but NO transposase CDS is annotated - the transposase-encoding region is deleted; the element instead encodes the truncated KP repressor protein. TEagle should not call this autonomous.
AB087615.1	Oryza sativa	tir-dna	Class II / TIR	MULE-related MITE		element	structural description	high	Kikuchi, Terauchi, Wada & Hirano 2003 Nature 421(6919):167-170	NON-AUTONOMOUS: 430-bp MITE (mPing/miniSNOOPY), GenBank record has NO CDS annotated at all (correctly, since MITEs by definition lack the transposase), mobilized in trans by the autonomous Ping/Mutator-family element per Kikuchi et al 2003.
AM493772.1	Drosophila sechellia	tir-dna	Class II / TIR	Tc1/Mariner-related MITE		element	structural description	high	Moschetti et al. 2008 Mol Genet Genomics 279(5):451-461	NON-AUTONOMOUS: GenBank-annotated inverted TIRs (1-17/1249-1265, Bari1-family) are intact, but the internal CDS (135-1131) is explicitly annotated /pseudo (pseudogenized transposase) - TEagle should not call this autonomous.
AY037928	Homo sapiens	erv-architecture	Class I / LTR	HERV-K (HML-2), Betaretrovirus-like / ERVK		element	structural description	high	Turner G, Barbulescu M, Su M, Jensen-Seaman MI, Kidd KK, Lenz J (2001) Curr Biol 11:1531-1535	GenBank complete-genome record (9472 bp) annotates both LTRs (1-968, 8504-9472), a gag-pro-pol ORF (1112-6746, with the two -1 frameshifts typical of HML-2) and a putative env ORF (6451-8550, protein AAL18258.1) encoding envelope; full-length, human-specific insertion described by Turner et al. 2001.
AY037929	Homo sapiens	erv-architecture	Class I / LTR	HERV-K (HML-2), Betaretrovirus-like / ERVK		element	structural description	high	Turner G, Barbulescu M, Su M, Jensen-Seaman MI, Kidd KK, Lenz J (2001) Curr Biol 11:1531-1535	Complete-genome record (9463 bp), sister locus to K113 from the same study: both LTRs (1-960, 8496-9463) annotated, gag-pro-pol ORF (1104-6740, two -1 frameshifts) and putative env ORF (6442-8541, protein AAL18259.1).
M14123	Homo sapiens	erv-architecture	Class I / LTR	HERV-K (HML-2), Betaretrovirus-like / ERVK		element	structural description	medium	Ono M, Yasunaga T, Miyata T, Ushikubo H (1986) J Virol 60:589-598	The original HERV-K10 sequence: GenBank annotates two gag CDS (1112-1963, 1807-3111), a protease-subunit CDS (3639-3917) and both LTRs (1-968, 8212-9179), so gag and protease presence is solid. The downstream pol/env region is annotated in this record as a single long ORF (4172-8257, ~4.1 kb) rather than two separately bounded genes, so the exact pol/env domain boundary is not independently confirmed from this record alone -- use gag/protease at high confidence, env presence at medium confidence pending boundary check against the published ORF map in Ono et al. 1986.
AF151794	Phascolarctos cinereus	erv-architecture	Class I / LTR	Gammaretrovirus-like / ERV1 (KoRV, GALV-related)		element	structural description	high	Hanger JJ, Bromham LD, McKee JJ, O'Brien TM, Robinson WF (2000) J Virol 74:4264-4272	Complete koala retrovirus (KoRV) genome (8431 bp): gag (961-2526), pol (2641-6024), env (5906-7885) and both LTRs (1-505, 7927-8431) all annotated by the original describing paper. GenBank organism field records the viral taxon (Koala retrovirus); host species (koala) is unambiguous since KoRV is koala-specific and actively endogenizing.
DQ838493	Ovis aries	erv-architecture	Class I / LTR	Betaretrovirus-like / ERVK (JSRV/enJSRV lineage)		element	structural description	high	Wang Y, Liu S, Li J, Han M, Wang Z (2008) Virologica Sinica 23:15-24	Complete endogenous Jaagsiekte sheep retrovirus (enJSRV) genome (7942 bp) deposited directly under the host organism Ovis aries: gag (583-2433), pro (2325-3194), pol (3440-5742), env (5682-7517), both LTRs (1-435, 7497-7932) annotated.
HM159246	Sus scrofa	erv-architecture	Class I / LTR	Gammaretrovirus-like / ERV1 (PERV lineage)		element	structural description	high	Tang HB, Ouyang K, Ma L, Bai A, Qin S, Chen F, Lin J, Cao Y, Wu J (2015) Genome Announc 3:e00620-15	Complete porcine endogenous retrovirus C (PERV-C) genome (8774 bp): gag (1081-2655), pol (2803-6240, full-length span consistent with intact PR-RT-RNaseH-IN), env (6116-8080), both LTRs (1-639, 8149-8774) annotated. GenBank organism field is the viral taxon (Porcine endogenous retrovirus C); host (domestic pig) is unambiguous for this virus.
D10032	Papio sp. (baboon)	erv-architecture	Class I / LTR			element	structural description	medium	Kato S, Matsuo K, Nishimura N, Takahashi N, Takano T (1987) Jpn J Genet 62:127-137	Complete baboon endogenous virus (BaEV) strain M7 proviral genome (8507 bp): gag (985-2598), pol (2575-6165), env (6235-7926), both LTRs (1-555, 7953-8507) annotated. The GenBank organism field itself reads 'Baboon endogenous virus strain M7' rather than a host binomial, and the paper's own title describes this as a chimeric genome (gag/pol resembling murine type-C gammaretroviruses, env resembling type-D betaretroviruses); superfamily left blank because the biology is genuinely a natural recombinant, and the exact Papio host species is not stated in the record I could verify.
J01998	Mus musculus	erv-architecture	Class I / LTR	Gammaretrovirus-like / ERV1 (murine leukemia virus lineage)		element	structural description	high	Herr W (1984) J Virol 49:471-478	Complete AKV murine leukemia virus proviral genome (8374 bp) from AKR mice: gag-pol polyprotein ORF (639-5843) with separately annotated gag polyprotein (639-2252) and protease mat_peptide (2238-2612), env polyprotein (5783-7792, gp70+p15E), both LTRs annotated (1-144 and 7825->8374, with terminal reiterations). Host (Mus musculus, AKR strain) is unambiguous for this classical endogenous ecotropic MLV.
AF228550	Mus musculus	erv-architecture	Class I / LTR	Betaretrovirus-like / ERVK (MMTV lineage)		element	structural description	high	Hook LM et al. (2000) J Virol 74:8876-8883	Complete endogenous mouse mammary tumor virus Mtv1 proviral genome (9851 bp): gag (1485-3260), pro (3254-4066), pol (4063-6750), env (6536-8602) and sag/superantigen (8550-9497) all separately annotated, plus the frameshift-fusion gag-pro and gag-pro-pol reading frames. LTRs are not explicitly annotated as separate features in this particular GenBank record even though MMTV proviruses are canonically LTR-flanked; domain content (gag/pro/pol/env/sag) is high confidence, LTR presence here is inferred from MMTV biology rather than directly annotated in this record.
AB705393	Felis catus	erv-architecture	Class I / LTR	Gammaretrovirus-like / ERV1 (RD-114/BaEV lineage)		element	structural description	high	Shimode S, Yoshikawa R, Hoshino S, Nakaya Y, Sakaguchi S, Kobayashi T, Miyazawa T (2012) Virus Genes 45:393-397	Complete infectious molecular clone (strain UCL) of the feline endogenous retrovirus RD-114 (8409 bp): gag-pol precursor CDS (947-6169), env CDS (6204-7901), both LTRs (1-482, 7928-8409) annotated; one of three clones directly compared in the cited paper.
AB705392	Felis catus	erv-architecture	Class I / LTR	Gammaretrovirus-like / ERV1 (RD-114/BaEV lineage)		element	structural description	high	Shimode S, Yoshikawa R, Hoshino S, Nakaya Y, Sakaguchi S, Kobayashi T, Miyazawa T (2012) Virus Genes 45:393-397	Second infectious molecular clone (strain Sc3c) of RD-114 from the same comparison paper: complete genome (8409 bp) with gag-pol precursor CDS (947-6169), env CDS (6204-7901), both LTRs (1-482, 7928-8409) annotated; independent strain from AB705393, useful as a distinct sequence with the same well-characterized architecture.
U85505	simian endogenous retrovirus host (Old World monkey; exact species not stated in the record I verified)	erv-architecture	Class I / LTR	Betaretrovirus-like / ERVK (type-D lineage, Mason-Pfizer/BaEV-related)		element	structural description	medium	van der Kuyl AC, Mang R, Dekker JT, Goudsmit J (1997) J Virol 71:3666-3676	Complete simian endogenous type-D retrovirus (SERV) genome (8393 bp), described by the authors as having 'intact genome organization': gag (640-2616), prot (2433-3377, protease/dUTPase, frameshifted), pol (3356-5080, RT, frameshifted), env (6015-7727, GP70/P20E, noted by GenBank to contain a stop codon), both LTRs (1-504, 7915-8393) annotated. Organism binomial for the specific host monkey is not confirmed from the record metadata I retrieved, so only class/superfamily-level and domain-content claims are made with confidence; species-level host identity is left unresolved rather than guessed.
M17551	Mus musculus	erv-architecture	Class I / LTR	IAP element, Betaretrovirus-like / ERVK		element	structural description	high	Mietz JA, Grossman Z, Lueders KK, Kuff EL (1987) J Virol 61:3020-3029	Complete mouse intracisternal A-particle (IAP) genome, clone MIA14 (7096 bp): gag CDS (594-3077) is intact and complete; pol (3041-5645) is explicitly annotated/described as a pseudogene (non-functional but sequence-detectable); env is absent -- IAP elements are a canonical Class-II-like ERV group that never carries an env gene, a hallmark used throughout the IAP literature. Both LTRs annotated (1-338, 6759-7096). Good 'lacking env' negative-control case.
AB305073	Mus musculus	erv-architecture	Class I / LTR	MusD element, ERVL-related (superfamily left unresolved, see note)		element	structural description	high	Kano H, Kurahashi H, Toda T (2007) Proc Natl Acad Sci U S A 104:19034-19039	Complete MusD LTR retrotransposon insertion (Dac2J allele, 7473 bp) causing the mouse dactylaplasia phenotype: gag (639-2369), pro (2183-3139), pol (3112-5718) annotated; env is absent from the feature table, consistent with MusD's established status (with IAP and ETn) as an env-less mouse ERV family. Both LTRs annotated (1-317, 7157-7473). Exact RepeatMasker/Dfam superfamily label left unresolved rather than asserted from memory.
MH626576	Homo sapiens	erv-architecture	Class I / LTR	HERV-K (HML-2), Betaretrovirus-like / ERVK		element	structural description	high	Karamitros T, Hurst T, Marchi E, Karamichali E, Georgopoulou U, Mentis A, Riepsaame J, Lin A, Paraskevis D, Hatzakis A, McLauchlan J, Katzourakis A, Magiorkinis G (2018) Proc Natl Acad Sci U S A 115:10434-10439	Isolate pl2e9, 967 bp repeat-region record; source annotation explicitly states 'solo LTR ... RASGRF2 integrated'. No internal gag/pol/env sequence is present -- this is a genotyped solo-LTR allele at a known polymorphic HML-2 insertion site, exactly the hard-negative solo-LTR case the panel needs (should NOT score as a full element).
AY884862	Pan paniscus	erv-architecture	Class I / LTR	HERV-K (HML-2), Betaretrovirus-like / ERVK		element	structural description	high	Hughes JF, Coffin JM (2005) Genetics 171:1183-1194	GenBank definition line: 'Pan paniscus endogenous virus HERV-K3p25 clone JFH26 solo LTR, complete sequence' -- explicitly a solo LTR (single LTR only, no internal gag/pol/env), from a study of ectopic-recombination-driven solo-LTR formation across ape genomes. Non-human primate solo-LTR case.
AY884861	Pan troglodytes	erv-architecture	Class I / LTR	HERV-K (HML-2), Betaretrovirus-like / ERVK		element	structural description	high	Hughes JF, Coffin JM (2005) Genetics 171:1183-1194	GenBank definition line: 'Pan troglodytes endogenous virus HERV-K3p25 clone JFH25 solo LTR, complete sequence' -- explicitly annotated as a solo LTR (942 bp, no internal domains), same locus/study as the bonobo case (AY884862), giving a chimp/bonobo orthologous solo-LTR pair.
AJ291355	Gorilla gorilla	erv-architecture	Class I / LTR	HERV-H, Gammaretrovirus-like / ERV1		element	structural description	high	de Parseval N, Casella J, Gressin L, Heidmann T (2001) Virology 279:558-569	GenBank definition line: 'Gorilla endogenous retrovirus partial proviral DNA, solo LTR, clone HERV-H/env62' -- explicitly described as a solo LTR (451 bp, no internal gag/pol/env). Family is HERV-H (from the same paper that characterized full-length HERV-H proviruses with intact env), which is phylogenetically an ERV1-type family distinct from the HML-2/ERVK lineage used for the other primate cases in this panel, adding superfamily diversity.
AY101587	Pan troglodytes	erv-architecture	Class I / LTR	HERV-W, Gammaretrovirus-like / ERV1		element	structural description	high	Mallet F, Bouton O, Prudhomme S, Cheynet V, Oriol G, Bonnaud B, Lucotte G, Duret L, Mandrand B (2004) Proc Natl Acad Sci U S A 101:1731-1736	Complete chimpanzee ERVWE1 locus, allele B (10229 bp), orthologous to the human syncytin-1 locus: env CDS is intact and functional (7819-9435, protein AAM68166.1, 'Syncytin'), while the paper explicitly describes the gag-pol reading frame as a degenerate pseudogene (still present as recognizable sequence, spliced transcript 2889-9820, but non-coding). Both LTRs annotated (1-779, 9494-10229). Useful intermediate case: env domain should score positive, gag/pol domains are present as sequence but degenerate.
AY101584	Homo sapiens	erv-architecture	Class I / LTR	HERV-W, Gammaretrovirus-like / ERV1		element	structural description	high	Mallet F, Bouton O, Prudhomme S, Cheynet V, Oriol G, Bonnaud B, Lucotte G, Duret L, Mandrand B (2004) Proc Natl Acad Sci U S A 101:1731-1736	Complete human ERVWE1 locus, allele A (10222 bp), the syncytin-1 locus on chr7q21.2: env CDS intact and functional (7812-9428, protein AAM68163.1), gag-pol reading frame explicitly described as a pseudogene (spliced transcript 2887-9813, non-coding). Both LTRs annotated (1-780, 9487-10222). Direct human counterpart to the chimpanzee case (AY101587) for the same domain-degeneration pattern.
OR000399	Anopheles funestus	primers-copynumber	primer pair	Jockey (non-LTR LINE retrotransposon)		containing_record	experimental	high	Mugenzi LMJ, Tekoh TA, Ntadoun ST, Chi AD, Gadji M, Menze BD, Tchouakui M, Irving H, Wondji MJ, Weedall GD, Hearn J, Wondji CS. 2024. PLoS Genetics. DOI: 10.1371/journal.pgen.1011344	Paper reports a 3-primer PCR genotyping assay for a 4.3 kb Jockey-superfamily LINE retrotransposon insertion in the CYP6P5-CYP6P9b intergenic region (chr2, An. funestus). Flanking primers 4.3kb_INSL_F 5'-GGGGCGCTTTAGTTGAGAT-3' and 4.3kb_INSR_R 5'-CACGTTTCAAGTGCAGGTGA-3' amplify 281 bp when the insertion is absent (SV-/SV-); internal primer 4.3kb_INS_R 5'-CATACGCCTCTCCAGCATGGA-3' paired with 4.3kb_INSL_F amplifies 780 bp when the insertion is present (SV+/SV+); heterozygotes show both bands. Insertion is deposited as GenBank accession OR000399 (5.3 kb intergenic region containing the 4.3 kb SV). Sequences and amplicon sizes verified verbatim from the fetched full text.
EU812120	Citrus limon	primers-copynumber	primer pair	Copia (Ty1) LTR retrotransposon		element	experimental	medium	De Felice B, Wilson RR, Argenziano C, Kafantaris I, Conicella C. 2009. Cellular & Molecular Biology Letters. DOI: 10.2478/s11658-008-0050-5 (primer design originally published by Flavell AJ, Dunbar E, Anderson R, Pearce SR, Hartley R, Kumar A. 1992. Nucleic Acids Research 20:3639-3644)	Degenerate Ty1-copia reverse-transcriptase-domain primers Ty1-F 5'-ACNGCNTTYYTNCAYGG-3' and Ty1-R 5'-ARCATRTCRTCNACRTA-3' (originally designed by Flavell et al. 1992) were used by De Felice et al. 2009 to amplify a ~270 bp product from Citrus limon, leading to isolation of the copia-like element CLCoy1 (GenBank accession EU812120, ~616 bp RT-domain sequence). Primer sequences and amplicon size confirmed verbatim from the fetched full text of the 2009 paper; the original Flavell 1992 NAR paper itself was not independently accessible (paywalled), so the primer sequences are verified via this secondary reproduction, not the primary source.
GCF_000001405.13	Homo sapiens	primers-copynumber	copy number	HERV-K (HML-2) LTR retrotransposon / endogenous retrovirus		containing_record	structural description	high	Subramanian RP, Wildschutte JH, Russo C, Coffin JM. 2011. Retrovirology 8:90. DOI: 10.1186/1742-4690-8-90	Systematic search of the GRCh37/hg19 human reference assembly (RefSeq GCF_000001405.13) identified 91 full-length or near-full-length HERV-K (HML-2) proviruses (plus 944 solo LTRs), stated explicitly: 'Through iterative data searching of the most recent human genome assembly (Feb. 2009 GRCh37/hg19), we have identified and characterized 91 proviruses, and 944 solo LTRs belonging to the HML-2 family.'
GCF_000002945.1	Schizosaccharomyces pombe	primers-copynumber	copy number	Tf2 (Ty3/Gypsy) LTR retrotransposon		containing_record	structural description	high	Wang Y, Wang Q, Wu Z, Han GZ. 2021. Genome Biology and Evolution. DOI: 10.1093/gbe/evab254	Paper states verbatim: 'The genome of S. pombe laboratory strain 972 contains only 13 complete Tf2 retrotransposons, and 35 solo-LTRs generated by homologous recombination between the two LTRs flanking an LTR retrotransposon,' referencing the strain 972h- reference genome (Wood et al. 2002; assembly ASM294v2, RefSeq GCF_000002945.1).
GCF_000002985.6	Caenorhabditis elegans	primers-copynumber	copy number	Tc1 (Tc1/mariner) DNA transposon		containing_record	structural description	high	Daigle AT, Deiss TC, Melde RH, Bergthorsson U, Katju V. 2022. G3 (Bethesda, Md.). DOI: 10.1093/g3journal/jkac214	Paper reports Tc1 copy number in the N2 (Bristol) reference strain (genome PRJNA13758/WBcel235, RefSeq GCF_000002985.6) as median 28 (range 26-30 across 5 detection methods), independently confirmed by digital droplet PCR at 29 copies. Explicitly contrasted with 451, 581 and 748 copies (median) in three Bergerac-derived strains, demonstrating the number is assembly/strain-specific rather than a general genome-wide estimate.
